,,,,,,,,,,,,,,,,,,,,,,,,,FF42,GG42,HH42,II42,JJ42,,,,,,,,,,TT100
,,,,,,,,,,,,,,,,,,,,,,,,EE40,FF40,GG40,HH40,II40,JJ40,KK40,LL40,MM40,NN40,OO40,PP40,QQ40,RR40,SS40,TT101
,,,,,,,,,,,,,,,,Q38,,,,,,,,EE38,FF38,GG38,HH38,II38,JJ38,KK38,LL38,MM38,NN38,OO38,PP38,QQ38,RR38,SS38,TT102
,,,,,,,,,,,L36,M36,N36,O36,P36,Q36,,,,,,,,EE36,FF36,GG36,HH36,II36,JJ36,KK36,LL36,MM36,NN36,OO36,PP36,QQ36,RR36,SS36,TT103
,,,,,,,,,,K34,L34,M34,N34,O34,P34,Q34,,,,,,,,EE34,FF34,GG34,HH34,II34,JJ34,KK34,LL34,MM34,NN34,OO34,PP34,QQ34,RR34,SS34,TT104
,,,,,,,,,,K32,L32,M32,N32,O32,P32,Q32,,,,AA32,BB32,CC32,DD32,EE32,FF32,GG32,HH32,II32,JJ32,KK32,LL32,MM32,NN32,OO32,PP32,QQ32,RR32,SS32,TT105
,,,,,,,,,,K30,L30,M30,N30,O30,P30,Q30,,,,AA30,BB30,CC30,DD30,EE30,FF30,GG30,HH30,II30,JJ30,KK30,LL30,MM30,NN30,OO30,PP30,QQ30,RR30,SS30,TT106
,,,,,,,,I28,J30,K28,L28,M28,N28,O28,P28,Q28,,,,AA28,BB28,CC28,DD28,EE28,FF28,GG28,HH28,II28,JJ28,KK28,LL28,MM28,NN28,OO28,PP28,QQ28,RR28,SS28,TT107
,,,,,,,,I26,J28,K26,L26,M26,N26,O26,P26,Q26,,,,AA26,BB26,CC26,DD26,EE26,FF26,GG26,HH26,II26,JJ26,KK26,LL26,MM26,NN26,OO26,PP26,QQ26,RR26,SS26,TT108
,,,,,,,H24,I24,J26,K24,L24,M24,N24,O24,P24,Q24,,,,AA24,BB24,CC24,DD24,EE24,FF24,GG24,HH24,II24,JJ24,KK24,LL24,MM24,NN24,OO24,PP24,QQ24,RR24,SS24,TT109
,,,,,,G22,H22,I22,J24,K22,L22,M22,N22,O22,P22,Q22,,,,AA22,BB22,CC22,DD22,EE22,FF22,GG22,HH22,II22,JJ22,KK22,LL22,MM22,NN22,OO22,PP22,QQ22,RR22,SS22,TT110
,,,,,F20,G20,H20,I20,J22,K20,L20,M20,N20,O20,P20,Q20,,,,AA20,BB20,CC20,DD20,EE20,FF20,GG20,HH20,II20,JJ20,KK20,LL20,MM20,NN20,OO20,PP20,QQ20,RR20,SS20,TT111
,,,,E18,F18,G18,H18,I18,J18,K18,L18,M18,N18,O18,P18,Q18,,,,AA18,BB18,CC18,DD18,EE18,FF18,GG18,HH18,II18,JJ18,KK18,LL18,MM18,NN18,OO18,PP18,QQ18,RR18,SS18,TT112
,,,,E16,F16,G16,H16,I16,J16,K16,L16,M16,N16,O16,P16,Q16,,,,AA16,BB16,CC16,DD16,EE16,FF16,GG16,HH16,II16,JJ16,KK16,LL16,MM16,NN16,OO16,PP16,QQ16,RR16,SS16,TT113
,,,D14,E14,F14,G14,H14,I14,J14,K14,L14,M14,N14,O14,P14,Q14,,,,AA14,BB14,CC14,DD14,EE14,FF14,GG14,HH14,II14,JJ14,KK14,LL14,MM14,NN14,OO14,PP14,QQ14,RR14,SS14,TT114
,,C12,D12,E12,F12,G12,H12,I12,J12,K12,L12,M12,N12,O12,P12,Q12,,,,AA12,BB12,CC12,DD12,EE12,FF12,GG12,HH12,II12,JJ12,KK12,LL12,MM12,NN12,OO12,PP12,QQ12,RR12,SS12,TT115
,B10,C10,D10,E10,F10,G10,H10,I10,J10,K10,L10,M10,N10,O10,P10,Q10,,,,AA10,BB10,CC10,DD10,EE10,FF10,GG10,HH10,II10,JJ10,KK10,LL10,MM10,NN10,OO10,PP10,QQ10,RR10,SS10,TT116
A8,B8,C8,D8,E8,F8,G8,H8,I8,J8,K8,L8,M8,N8,O8,P8,Q8,,,,AA8,BB8,CC8,DD8,EE8,FF8,GG8,HH8,II8,JJ8,KK8,LL8,MM8,NN8,OO8,PP8,QQ8,RR8,SS8,TT117
A6,B6,C6,D6,E6,F6,G6,H6,I6,J6,K6,L6,M6,N6,O6,P6,Q6,,,,AA6,BB6,CC6,DD6,EE6,FF6,GG6,HH6,II6,JJ6,KK6,LL6,MM6,NN6,OO6,PP6,QQ6,RR6,SS6,TT118
A4,B4,C4,D4,E4,F4,G4,H4,I4,J4,K4,L4,M4,N4,O4,P4,Q4,,,,AA4,BB4,CC4,DD4,EE4,FF4,GG4,HH4,II4,JJ4,KK4,LL4,MM4,NN4,OO4,PP4,QQ4,RR4,SS4,TT119
A2,B2,C2,D2,E2,F2,G2,H2,I2,J2,K2,L2,M2,N2,O2,P2,Q2,,,,AA2,BB2,CC2,DD2,EE2,FF2,GG2,HH2,II2,JJ2,KK2,LL2,MM2,NN2,OO2,PP2,QQ2,RR2,SS2,TT120
,,,,,,,,,,,,,,,,,,,,,,,,,,,,,,,,,,,,,,,TT121
,,,,,,,,,,,,,,,,,,,,,,,,,,,,,,,,,,,,,,,TT122
,,,,,,,,,J100,,L100,M100,N100,O100,P100,Q100,,,,AA100,BB100,CC100,DD100,EE100,FF100,GG100,HH100,II100,JJ100,KK100,LL100,MM100,NN100,OO100,PP100,QQ100,RR100,SS100,TT123
,,C100,D100,E100,F100,G100,H100,I100,J101,K100,L101,M101,N101,O101,P101,Q101,,,,AA101,BB101,CC101,DD101,EE101,FF101,GG101,HH101,II101,JJ101,KK101,LL101,MM101,NN101,OO101,PP101,QQ101,RR101,SS101,TT124
A100,B100,C101,D101,E101,F101,G101,H101,I101,J102,K101,L102,M102,N102,O102,P102,Q102,,,,AA102,BB102,CC102,DD102,EE102,FF102,GG102,HH102,II102,JJ102,KK102,LL102,MM102,NN102,OO102,PP102,QQ102,RR102,SS102,TT125
A101,B101,C102,D102,E102,F102,G102,H102,I102,J103,K102,L103,M103,N103,O103,P103,Q103,,,,AA103,BB103,CC103,DD103,EE103,FF103,GG103,HH103,II103,JJ103,KK103,LL103,MM103,NN103,OO103,PP103,QQ103,RR103,SS103,TT126
A102,B102,C103,D103,E103,F103,G103,H103,I103,J104,K103,L104,M104,N104,O104,P104,Q104,,,,AA104,BB104,CC104,DD104,EE104,FF104,GG104,HH104,II104,JJ104,KK104,LL104,MM104,NN104,OO104,PP104,QQ104,RR104,SS104,TT127
A103,B103,C104,D104,E104,F104,G104,H104,I104,J105,K104,L105,M105,N105,O105,P105,Q105,,,,AA105,BB105,CC105,DD105,EE105,FF105,GG105,HH105,II105,JJ105,KK105,LL105,MM105,NN105,OO105,PP105,QQ105,RR105,SS105,TT128
A104,B104,C105,D105,E105,F105,G105,H105,I105,J106,K105,L106,M106,N106,O106,P106,Q106,,,,AA106,BB106,CC106,DD106,EE106,FF106,GG106,HH106,II106,JJ106,KK106,LL106,MM106,NN106,OO106,PP106,QQ106,RR106,SS106,TT129
A105,B105,C106,D106,E106,F106,G106,H106,I106,J107,K106,L107,M107,N107,O107,,Q107,,,,AA107,BB107,CC107,DD107,EE107,FF107,GG107,HH107,II107,JJ107,KK107,LL107,MM107,NN107,OO107,PP107,QQ107,RR107,SS107,TT130
A106,B106,C107,D107,E107,F107,G107,H107,I107,J108,K107,L108,M108,N108,O108,,,,,,AA108,BB108,CC108,DD108,EE108,FF108,GG108,HH108,II108,JJ108,KK108,LL108,MM108,NN108,OO108,PP108,QQ108,RR108,SS108,TT131
A107,B107,C108,D108,E108,F108,G108,H108,I108,J109,K108,L109,M109,N109,O109,,,,,,AA109,BB109,CC109,DD109,EE109,FF109,GG109,HH109,II109,JJ109,KK109,LL109,MM109,NN109,OO109,PP109,QQ109,RR109,SS109,
A108,B108,C109,D109,E109,F109,G109,H109,I109,J110,K109,L110,M110,N110,O110,,,,,,AA110,BB110,CC110,DD110,EE110,FF110,GG110,HH110,II110,JJ110,KK110,LL110,MM110,NN110,OO110,PP110,QQ110,RR110,SS110,
A109,B109,C110,D110,E110,F110,G110,H110,I110,J111,K110,L111,M111,N111,O111,P111,,,,,AA111,BB111,CC111,DD111,EE111,FF111,GG111,HH111,II111,JJ111,KK111,LL111,MM111,NN111,OO111,PP111,QQ111,RR111,SS111,
A110,B110,C111,D111,E111,F111,G111,H111,I111,J112,K111,L112,M112,N112,O112,P112,,,,,AA112,BB112,CC112,DD112,EE112,FF112,GG112,HH112,II112,JJ112,KK112,LL112,MM112,NN112,OO112,PP112,QQ112,RR112,SS112,
A111,B111,C112,D112,E112,F112,G112,H112,I112,J113,K112,L113,M113,N113,O113,P113,,,,,AA113,BB113,CC113,DD113,EE113,FF113,GG113,HH113,II113,JJ113,KK113,LL113,MM113,NN113,OO113,PP113,QQ113,RR113,SS113,TT136
A112,B112,C113,D113,E113,F113,G113,H113,I113,J114,K113,L114,M114,N114,O114,P114,,,,,AA114,BB114,CC114,DD114,EE114,FF114,GG114,HH114,II114,JJ114,KK114,LL114,MM114,NN114,OO114,PP114,QQ114,RR114,SS114,TT137
A113,B113,C114,D114,E114,F114,G114,H114,I114,J115,K114,L115,M115,N115,O115,P115,,,,,,BB115,,DD115,,FF115,,HH115,,JJ115,,LL115,,NN115,,PP115,,RR115,,TT138
A114,B114,C115,D115,E115,F115,G115,H115,I115,J116,K115,L116,M116,N116,O116,P116,,,,,,,,,,,,,,,,,,,,,,,,TT139
,,,D116,,F116,G116,H116,I116,J117,K116,L117,M117,N117,O117,P117,Q117,,,,,,,,,,,,,,,,,,,,,,,TT140
,,,,,,G117,,I117,J118,K117,L118,M118,N118,O118,P118,Q118,,,,,,,,,,,,,,,,,,,,,,,TT141
,,,,,,,,,,,,M119,N119,O119,,Q119,,,,,,,,,,,,,,,,,,,,,,,TT142
,,,,,,,,,,,,,,,,Q120,,,,,,,,,,,,,,,,,,,,,,,TT143
,,,,,,,,,,,,,,,,,,,,,,,,,,,,,,,,,,,,,,,TT144
,,,,,,,,,,,,,,,,,,,,,,,,,,,,,,,,,,,,,,,TT145
A1,B1,C1,D1,E1,F1,G1,H1,I1,J1,K1,L1,M1,N1,O1,P1,Q1,,,,AA1,BB1,CC1,DD1,EE1,FF1,GG1,HH1,II1,JJ1,KK1,LL1,MM1,NN1,OO1,PP1,QQ1,RR1,SS1,TT146
A3,B3,C3,D3,E3,F3,G3,H3,I3,J3,K3,L3,M3,N3,O3,P3,Q3,,,,AA3,BB3,CC3,DD3,EE3,FF3,GG3,HH3,II3,JJ3,KK3,LL3,MM3,NN3,OO3,PP3,QQ3,RR3,SS3,TT147
A5,B5,C5,D5,E5,F5,G5,H5,I5,J5,K5,L5,M5,N5,O5,P5,Q5,,,,AA5,BB5,CC5,DD5,EE5,FF5,GG5,HH5,II5,JJ5,KK5,LL5,MM5,NN5,OO5,PP5,QQ5,RR5,SS5,TT148
A7,B7,C7,D7,E7,F7,G7,H7,I7,J7,K7,L7,M7,N7,O7,P7,Q7,,,,AA7,BB7,CC7,DD7,EE7,FF7,GG7,HH7,II7,JJ7,KK7,LL7,MM7,NN7,OO7,PP7,QQ7,RR7,SS7,TT149
,B9,C9,D9,E9,F9,G9,H9,I9,J9,K9,L9,M9,N9,O9,P9,Q9,,,,AA9,BB9,CC9,DD9,EE9,FF9,GG9,HH9,II9,JJ9,KK9,LL9,MM9,NN9,OO9,PP9,QQ9,RR9,SS9,TT150
,,C11,D11,E11,F11,G11,H11,I11,J11,K11,L11,M11,N11,O11,P11,Q11,,,,AA11,BB11,CC11,DD11,EE11,FF11,GG11,HH11,II11,JJ11,KK11,LL11,MM11,NN11,OO11,PP11,QQ11,RR11,SS11,TT151
,,C13,D13,E13,F13,G13,H13,I13,J13,K13,L13,M13,N13,O13,P13,Q13,,,,AA13,BB13,CC13,DD13,EE13,FF13,GG13,HH13,II13,JJ13,KK13,LL13,MM13,NN13,OO13,PP13,QQ13,RR13,SS13,TT152
,,C15,D15,E15,F15,G15,H15,I15,J15,K15,L15,M15,N15,O15,P15,Q15,,,,AA15,BB15,CC15,DD15,EE15,FF15,GG15,HH15,II15,JJ15,KK15,LL15,MM15,NN15,OO15,PP15,QQ15,RR15,SS15,TT153
,,,D17,E17,F17,G17,H17,I17,J17,K17,L17,M17,N17,O17,P17,Q17,,,,AA17,BB17,CC17,DD17,EE17,FF17,GG17,HH17,II17,JJ17,KK17,LL17,MM17,NN17,OO17,PP17,QQ17,RR17,SS17,TT154
,,,,E19,F19,G19,H19,I19,J19,K19,L19,M19,N19,O19,P19,Q19,,,,AA19,BB19,CC19,DD19,EE19,FF19,GG19,HH19,II19,JJ19,KK19,LL19,MM19,NN19,OO19,PP19,QQ19,RR19,SS19,TT155
,,,,,F21,G21,H21,I21,J21,K21,L21,M21,N21,O21,P21,Q21,,,,AA21,BB21,CC21,DD21,EE21,FF21,GG21,HH21,II21,JJ21,KK21,LL21,MM21,NN21,OO21,PP21,QQ21,RR21,SS21,TT156
,,,,,F23,G23,H23,I23,J23,K23,L23,M23,N23,O23,P23,Q23,,,,AA23,BB23,CC23,DD23,EE23,FF23,GG23,HH23,II23,JJ23,KK23,LL23,MM23,NN23,OO23,PP23,QQ23,RR23,SS23,TT157
,,,,,,G25,H25,I25,J25,K25,L25,M25,N25,O25,P25,Q25,,,,AA25,BB25,CC25,DD25,EE25,FF25,GG25,HH25,II25,JJ25,KK25,LL25,MM25,NN25,OO25,PP25,QQ25,RR25,SS25,TT158
,,,,,,,H27,I27,J27,K27,L27,M27,N27,O27,P27,Q27,,,,AA27,BB27,CC27,DD27,EE27,FF27,GG27,HH27,II27,JJ27,KK27,LL27,MM27,NN27,OO27,PP27,QQ27,RR27,SS27,TT159
,,,,,,,H29,I29,J29,K29,L29,M29,N29,O29,P29,Q29,,,,AA29,BB29,CC29,DD29,EE29,FF29,GG29,HH29,II29,JJ29,KK29,LL29,MM29,NN29,OO29,PP29,QQ29,RR29,SS29,TT160
,,,,,,,,I31,J31,K31,L31,M31,N31,O31,P31,Q31,,,,AA31,BB31,CC31,DD31,EE31,FF31,GG31,HH31,II31,JJ31,KK31,LL31,MM31,NN31,OO31,PP31,QQ31,RR31,SS31,TT161
,,,,,,,,,J33,K33,L33,M33,N33,O33,P33,Q33,,,,AA33,BB33,CC33,DD33,EE33,FF33,GG33,HH33,II33,JJ33,KK33,LL33,MM33,NN33,OO33,PP33,QQ33,RR33,SS33,TT162
,,,,,,,,,J35,K35,L35,M35,N35,O35,P35,Q35,,,,,,,,EE35,FF35,GG35,HH35,II35,JJ35,KK35,LL35,MM35,NN35,OO35,PP35,QQ35,RR35,SS35,TT163
,,,,,,,,,,K37,L37,M37,N37,O37,P37,Q37,,,,,,,,EE37,FF37,GG37,HH37,II37,JJ37,KK37,LL37,MM37,NN37,OO37,PP37,QQ37,RR37,SS37,
,,,,,,,,,,,,,,,,,,,,,,,,EE39,FF39,GG39,HH39,II39,JJ39,KK39,LL39,MM39,NN39,OO39,PP39,QQ39,RR39,SS39,
,,,,,,,,,,,,,,,,,,,,,,,,EE41,FF41,GG41,HH41,II41,JJ41,KK41,LL41,MM41,NN41,OO41,PP41,QQ41,RR41,,
,,,,,,,,,,,,,,,,,,,,,,,,EE43,FF43,GG43,,,,,,,,,,,,,